Actual_NDG_Density,Predicted_Density,Physical_Density,Predicted_Residual,Estimated_Void_Ratio,Estimated_Saturation,Global_Pnet,Global_Beta,Unit_Weight_kN_m3,Overburden_Mean_kPa,LWD_Contact_kPa,LWD_Mean_kPa,Effective_Pressure,Gmax_Raw,Gmax_Scaled,Gmax_Feature,Bulk_Modulus_Raw,Bulk_Modulus,Bulk_Feature,Elastic_Modulus_Physics,ELWD_minus_Ephysics
1.996,2.0943459370338156,2.230434861036564,-0.13608892400274875,0.29526311234992847,0.6401070506091813,43.01763311234345,0.9998306121092545,20.617936811111107,12.370762086666664,91.95618934198397,30.652063113994657,44.2265990880453,14.231612371469533,14.231612371469533,2.723373029423563,38364.94945602117,38.36494945602117,3.67287581265291,37.99652271996267,0.003477280037330388
2.088,2.10035509528845,2.248073205213618,-0.14771810992516787,0.2851004999748128,0.6629241268138683,43.01763311234345,0.9998306121092545,20.617936811111107,12.370762086666664,91.95618934198397,30.652063113994657,44.13955544021914,16.747762652533744,16.747762652533744,2.8762594602321623,39369.01478701735,39.369014787017356,3.6980625299848717,44.00352031244759,-0.0035203124475913228
2.143,2.0760832022295723,2.3111624176389993,-0.235079215409427,0.25002032654688944,0.7559385375194865,43.01763311234345,0.9998306121092545,20.617936811111107,12.370762086666664,91.95618934198397,30.652063113994657,43.814024254222986,30.831797691845928,30.831797691845928,3.460465717608262,43452.42144711166,43.45242144711166,3.794419436226707,74.80313027084634,12.196869729153661
2.101,2.107357745968533,2.2732447360973946,-0.16588699012886154,0.27087064323734333,0.6977500320490386,43.01763311234345,0.9998306121092545,20.617936811111107,12.370762086666664,91.95618934198397,30.652063113994657,44.01274442163842,21.24769368294601,21.24769368294601,3.102238348540674,40899.86160512814,40.899861605128145,3.735282523942402,54.33412608517318,-0.000792751839846062
2.115,2.1197392550924183,2.255960495561062,-0.1362212404686436,0.28060753088741486,0.6735385875150673,43.01763311234345,0.9998306121092545,20.617936811111107,12.370762086666664,91.95618934198397,30.652063113994657,44.1001778871378,18.031105498334394,18.031105498334394,2.946074772018784,39835.81925067889,39.835819250678895,3.7095596190720466,47.001761418186845,-0.001761418186845276
2.124,2.115679170689036,2.286998691999312,-0.17131952131027628,0.26322765732516196,0.7180096571939271,43.01763311234345,0.9998306121092545,20.617936811111107,12.370762086666664,91.95618934198397,30.652063113994657,43.9418839239627,24.271071345459777,24.271071345459777,3.2296603164436353,41789.388722561285,41.789388722561284,3.7562901448058,61.0031116719245,-0.0031116719245005697
2.12,2.134088982949599,2.2542638897157703,-0.12017490676617149,0.2815713427252124,0.6712330813595848,43.01763311234345,0.9998306121092545,20.617936811111107,12.370762086666664,91.95618934198397,30.652063113994657,44.108673991348226,17.74601103916334,17.74601103916334,2.9309809852051267,39734.44338421617,39.73444338421617,3.7070740093564005,46.33940392231133,-0.006070588977991065
2.095,2.1418993888624502,2.249861386854304,-0.10796199799185358,0.28407910677525033,0.6653076396411218,43.01763311234345,0.9998306121092545,20.617936811111107,12.370762086666664,91.95618934198397,30.652063113994657,44.13065420867768,17.029492179893285,17.029492179893285,2.8920088715325694,39473.85360776868,39.47385360776868,3.7006561756979415,44.66541232256676,0.0012543440998982192
2.161,2.11973446231975,2.3111624176389993,-0.1914279553192495,0.25002032654688944,0.7559385375194865,43.01763311234345,0.9998306121092545,20.617936811111107,12.370762086666664,91.95618934198397,30.652063113994657,43.814024254222986,30.831797691845928,30.831797691845928,3.460465717608262,43452.42144711166,43.45242144711166,3.794419436226707,74.80313027084634,0.1968697291536614
